{
	"bsonType": "object",
	"required": ["type", "amount", "created_at"],
	"permission": {
		"read": true,
		"create": "auth.uid != null",
		"update": "doc.user_id == auth.uid",
		"delete": "doc.user_id == auth.uid"
	},
	"properties": {
		"_id": {
			"description": "存储记账的 ID，系统自动生成"
		},
		"user_id": {
			"title": "用户id",
			"foreignKey": "uni-id-users._id", //关联用户表的id
			"defaultValue": {
				"$env": "uid"
			}
		},
		"type": {
			"bsonType": "int",
			"title": "类型",
			"description": "类型：0 收入 1 支出",
			"defaultValue": 0,
			"enum": [{
					"text": "收入",
					"value": 0
				},
				{
					"text": "支出",
					"value": 1
				}
			]
		},
		"amount": {
			"bsonType": "double",
			"title": "金额",
			"minimum": 0
		},
		"remarks": {
			"bsonType": "string",
			"title": "备注"
		},
		"created_at": {
			"bsonType": "timestamp",
			"title": "日期",
			"description": "记入时间",
			"defaultValue": {
				"$env": "now"
			}
		},
		"updated_at": {
			"bsonType": "timestamp",
			"title": "更新时间",
			"defaultValue": {
				"$env": "now"
			}
		}
	}
}
