{
	"easycom": {
	        "^u-(.*)": "uview-ui/components/u-$1/u-$1.vue"
	    },
	"pages": [ //pages数组中第一项表示应用启动页，参考：https://uniapp.dcloud.io/collocation/pages
		{
			"path": "pages/login/login",
			"style": {
				"navigationBarTitleText": "登录"
			}
		},
		{
			"path": "pages/register/register",
			"style": {
				"navigationBarTitleText": "注册"
			}
		},
		{
			"path": "pages/tabBar/home/home",
			"style": {
				"navigationBarTitleText": "明细",
				"enablePullDownRefresh":true,
				"app-plus": {
					"bounce": "none"
				}
			}
		},
		{
			"path": "pages/tabBar/statistics/statistics",
			"style": {
				"navigationBarTitleText": "统计",
				"app-plus": {
					"bounce": "none"
				}
			}
		},
		{
			"path": "pages/tabBar/me/me",
			"style": {
				"navigationBarTitleText": "我的",
				"app-plus": {
					"bounce": "none"
				}
			}
		},
		{
			"path": "pages/bill/add",
			"style": {
				"navigationBarTitleText": "新增"
			}
		},
		{
			"path": "pages/bill/edit",
			"style": {
				"navigationBarTitleText": "编辑"
			}
		},
		{
			"path": "pages/bill/detail",
			"style": {
				"navigationBarTitleText": "详情"
			}
		}
	],
	"globalStyle": {
		"navigationBarTextStyle": "white",
		"navigationBarTitleText": "乐乐记账",
		"navigationBarBackgroundColor": "#42b479",
		"backgroundColor": "#F8F8F8"
	},
	"tabBar": {
		"color": "#C0C4CC",
		"selectedColor": "#42b479",
		"borderStyle": "black",
		"backgroundColor": "#ffffff",
		"list": [{
				"pagePath": "pages/tabBar/home/home",
				"iconPath": "static/tab-bar/tab-bill.png",
				"selectedIconPath": "static/tab-bar/tab-bill-cur.png",
				"text": "明细"
			},
			{
				"pagePath": "pages/tabBar/statistics/statistics",
				"iconPath": "static/tab-bar/tab-statistic.png",
				"selectedIconPath": "static/tab-bar/tab-statistic-cur.png",
				"text": "统计"
			},
			{
				"pagePath": "pages/tabBar/me/me",
				"iconPath": "static/tab-bar/tab-my.png",
				"selectedIconPath": "static/tab-bar/tab-my-cur.png",
				"text": "我的"
			}
		]
	}
}
